trial,seed,mode,mean_error_deg,hold_error_deg,hold_drift_deg,energy,mean_coherence,max_rate,low_amplitude_fraction
0,8001,intact,1.964061036282464,0.9362458584809918,0.1327846830116834,0.0,0.35278859839245613,0.8635594147523702,0.0
0,8001,damaged,23.164324336533078,28.046052507376494,4.396468457968893,0.0,0.4776384939126187,0.96894133413404,0.0
0,8001,constant,71.23249677116672,85.90086701481515,12.065715229873383,0.108216,0.44667202029045966,1.1487589752391072,0.0
0,8001,random,22.98863823977742,28.251675821648224,4.351550252523885,0.01680705071614264,0.44573413606530304,0.9682836469294556,0.0
0,8001,rescue,17.918251703389952,14.152279752767038,50.641695146332005,0.21099021473572213,0.34804389081205506,1.0213662636104002,0.0
1,8032,intact,1.5903436693551243,0.264204421251294,0.6129928233360294,0.0,0.24989654077788143,0.7502244299590115,0.0
1,8032,damaged,11.697711591651604,13.598784357788402,3.8828235144737064,0.0,0.4461349929728422,0.9134667638234547,0.0
1,8032,constant,32.26019979147305,35.25026787825055,15.743484431563356,0.108216,0.46896906996342397,1.1072063444928066,0.0
1,8032,random,7.4661998864730705,9.411602687512797,1.7398889350035969,0.01422705777613507,0.4142761170897264,0.9077038532763028,0.0
1,8032,rescue,5.29243590181641,7.322992887457318,6.596147563085264,0.03329218431951359,0.39220257502110667,0.8958151832376343,0.0
2,8063,intact,2.7802461759603414,0.12161533879406328,0.17777199042410896,0.0,0.30706734192643576,0.7643377300295994,0.0
2,8063,damaged,58.59025753715339,66.4079168090647,1.2486665552140024,0.0,0.45463299743191954,0.9403408868462796,0.0
2,8063,constant,20.213148405222956,22.797011260391635,14.366498992860516,0.108216,0.49779313530360986,1.131597666192593,0.0
2,8063,random,48.49362779609156,59.70106440272641,2.0992993217245544,0.052060034122982976,0.41666042303360273,0.9363256920701561,0.0
2,8063,rescue,32.63144108154061,37.779689526113906,10.00961736088137,0.05114239053616984,0.4424462227841816,0.9684334647356433,0.0
3,8094,intact,3.9778497413169704,0.509873516621094,0.34140280488521657,0.0,0.3694833732990272,0.89855544266201,0.0
3,8094,damaged,104.18310287942838,115.65672366769014,0.7871640467286931,0.0,0.43229539491501057,0.9592984525424952,0.0
3,8094,constant,61.31523050219792,66.77871961495973,12.44214104799589,0.108216,0.5102664340464765,1.1775823315446108,0.0
3,8094,random,35.62451197672914,47.11241805979178,43.86985174760657,0.6894431188120655,0.4498785881719658,1.479872819862675,0.0
3,8094,rescue,29.593633731363916,39.018393857495994,53.29494825005124,0.5262028186614094,0.4225485306651871,1.143264006158887,0.0
4,8125,intact,2.1325469316164924,2.106658998122082,0.5957370333943566,0.0,0.24250021144300254,0.7488782050371939,0.0
4,8125,damaged,157.35391277107684,166.32421705655008,6.369397956381667,0.0,0.4054786788689027,0.931027718917703,0.0225
4,8125,constant,139.27558879760156,148.46699266513127,16.979061486376747,0.108216,0.3769108302863643,1.0177988122073351,0.0
4,8125,random,149.41468962304097,167.6877669597304,6.1063841986092315,0.12928777791614335,0.3430219915412036,1.1154606000575553,0.04
4,8125,rescue,110.82051397561045,146.81562309257887,36.91383511196421,0.2735317416317612,0.2726024469586565,1.0367570884079456,0.0
5,8156,intact,1.9936701730484845,0.23211648625693743,0.10614762474315002,0.0,0.30313641832209376,0.7593233492569138,0.0
5,8156,damaged,102.54757994884837,113.68787232860274,8.030982367122673,0.0,0.44250079963320715,0.9584555623729262,0.0
5,8156,constant,151.80682799646144,172.90990642613679,13.514951510151997,0.108216,0.40559544192741565,1.1184727989331005,0.0
5,8156,random,98.52084426588569,119.60461194787553,6.785586170007758,0.1463488089775039,0.33050242876145175,1.0183901967993552,0.0
5,8156,rescue,42.39598568045918,71.69273004477446,71.75611026415332,0.4678191722057858,0.34644026207826867,1.2171054658459033,0.0
6,8187,intact,4.035439451916279,0.947841986182562,0.17613890542100494,0.0,0.35818670175423273,0.8776003889820203,0.0
6,8187,damaged,64.7094883393929,75.86052830624148,7.7280846043839455,0.0,0.4764435753940232,0.9841434830865937,0.0
6,8187,constant,111.82504216909332,134.56146625359398,9.647775029136326,0.108216,0.44587729347422894,1.1471858389384597,0.0
6,8187,random,63.220697984454404,76.506504844368,7.552607105259788,0.0475537145067445,0.4317505806439788,0.9802495805210535,0.0
6,8187,rescue,37.30128985737257,56.414727481241115,25.751581928331927,0.18133056880071402,0.3919105347509202,0.9854018045390396,0.0
7,8218,intact,3.184588155885415,0.29795226659347457,0.1922792474947528,0.0,0.2463036073784838,0.7493143575777056,0.0
7,8218,damaged,34.45684085400819,42.57057755513286,7.420659865004904,0.0,0.4498210617791846,0.9309873074193052,0.0
7,8218,constant,83.50850930634522,100.31124189103403,16.705978331930094,0.108216,0.39078678822471674,1.0500821742146018,0.0
7,8218,random,35.09176925292991,45.695411564809014,7.424298200244307,0.03921400089473875,0.38026835646291773,0.912276415522098,0.0
7,8218,rescue,26.210030851037732,20.03116490043647,77.31097400042,0.3286907801405244,0.30373636004206317,1.2411327559920313,0.0
